{
    "0": [
        112.66,
        -50.05,
        "go"
    ],
    "1": [
        112.723867420406,
        -49.97305227351843,
        "go"
    ],
    "2": [
        112.787734840812,
        -49.896104547036856,
        "go"
    ],
    "3": [
        112.851602261218,
        -49.819156820555285,
        "go"
    ],
    "4": [
        112.91546968162402,
        -49.742209094073715,
        "go"
    ],
    "5": [
        112.97933710203002,
        -49.665261367592144,
        "go"
    ],
    "6": [
        113.04320452243603,
        -49.588313641110574,
        "go"
    ],
    "7": [
        113.10707194284203,
        -49.511365914629,
        "go"
    ],
    "8": [
        113.17093936324804,
        -49.43441818814743,
        "go"
    ],
    "9": [
        113.23480678365404,
        -49.35747046166586,
        "go"
    ],
    "10": [
        113.29867420406005,
        -49.28052273518429,
        "go"
    ],
    "11": [
        113.36254162446605,
        -49.20357500870272,
        "go"
    ],
    "12": [
        113.42640904487206,
        -49.12662728222114,
        "go"
    ],
    "13": [
        113.49027646527806,
        -49.04967955573957,
        "go"
    ],
    "14": [
        113.55414388568407,
        -48.972731829258,
        "go"
    ],
    "15": [
        113.61801130609007,
        -48.89578410277643,
        "go"
    ],
    "16": [
        113.68187872649608,
        -48.81883637629486,
        "go"
    ],
    "17": [
        113.74574614690208,
        -48.74188864981329,
        "go"
    ],
    "18": [
        113.80961356730808,
        -48.66494092333172,
        "go"
    ],
    "19": [
        113.87348098771409,
        -48.58799319685015,
        "go"
    ],
    "20": [
        113.93734840812009,
        -48.51104547036858,
        "go"
    ],
    "21": [
        114.0012158285261,
        -48.43409774388701,
        "go"
    ],
    "22": [
        114.0650832489321,
        -48.35715001740544,
        "go"
    ],
    "23": [
        114.12895066933811,
        -48.28020229092387,
        "go"
    ],
    "24": [
        114.19281808974411,
        -48.2032545644423,
        "go"
    ],
    "25": [
        114.25668551015012,
        -48.126306837960726,
        "go"
    ],
    "26": [
        114.32055293055612,
        -48.049359111479156,
        "go"
    ],
    "27": [
        114.38442035096213,
        -47.972411384997585,
        "go"
    ],
    "28": [
        114.44828777136813,
        -47.895463658516015,
        "go"
    ],
    "29": [
        114.51215519177414,
        -47.818515932034444,
        "go"
    ],
    "30": [
        114.57602261218014,
        -47.74156820555287,
        "go"
    ],
    "31": [
        114.63989003258615,
        -47.6646204790713,
        "go"
    ],
    "32": [
        114.70375745299215,
        -47.58767275258973,
        "go"
    ],
    "33": [
        114.76762487339815,
        -47.51072502610816,
        "go"
    ],
    "34": [
        114.83149229380416,
        -47.433777299626584,
        "go"
    ],
    "35": [
        114.89535971421016,
        -47.35682957314502,
        "go"
    ],
    "36": [
        114.95922713461617,
        -47.27988184666344,
        "go"
    ],
    "37": [
        115.02309455502217,
        -47.20293412018187,
        "go"
    ],
    "38": [
        115.08696197542818,
        -47.1259863937003,
        "go"
    ],
    "39": [
        115.15082939583418,
        -47.04903866721873,
        "go"
    ],
    "40": [
        115.21469681624019,
        -46.97209094073716,
        "go"
    ],
    "41": [
        115.27856423664619,
        -46.89514321425559,
        "go"
    ],
    "42": [
        115.3424316570522,
        -46.81819548777402,
        "go"
    ],
    "43": [
        115.4062990774582,
        -46.74124776129245,
        "go"
    ],
    "44": [
        115.47016649786421,
        -46.66430003481088,
        "go"
    ],
    "45": [
        115.53403391827021,
        -46.58735230832931,
        "go"
    ],
    "46": [
        115.59790133867622,
        -46.51040458184774,
        "go"
    ],
    "47": [
        115.66176875908222,
        -46.43345685536617,
        "go"
    ],
    "48": [
        115.72563617948823,
        -46.356509128884596,
        "go"
    ],
    "49": [
        115.78950359989423,
        -46.279561402403026,
        "go"
    ],
    "50": [
        115.85337102030023,
        -46.202613675921455,
        "go"
    ],
    "51": [
        115.91723844070624,
        -46.125665949439885,
        "go"
    ],
    "52": [
        115.98110586111224,
        -46.048718222958314,
        "go"
    ],
    "53": [
        116.04497328151825,
        -45.97177049647674,
        "go"
    ],
    "54": [
        116.10884070192425,
        -45.89482276999517,
        "go"
    ],
    "55": [
        116.17270812233026,
        -45.8178750435136,
        "go"
    ],
    "56": [
        116.23657554273626,
        -45.74092731703203,
        "go"
    ],
    "57": [
        116.30044296314227,
        -45.663979590550454,
        "go"
    ],
    "58": [
        116.36431038354827,
        -45.587031864068884,
        "go"
    ],
    "59": [
        116.42817780395428,
        -45.51008413758731,
        "go"
    ],
    "60": [
        116.49204522436028,
        -45.43313641110574,
        "go"
    ],
    "61": [
        116.5559126447663,
        -45.35618868462417,
        "go"
    ],
    "62": [
        116.61978006517229,
        -45.2792409581426,
        "go"
    ],
    "63": [
        116.6836474855783,
        -45.20229323166103,
        "go"
    ],
    "64": [
        116.7475149059843,
        -45.12534550517946,
        "go"
    ],
    "65": [
        116.81138232639032,
        -45.04839777869789,
        "go"
    ],
    "66": [
        116.87524974679631,
        -44.97145005221632,
        "go"
    ],
    "67": [
        116.93911716720231,
        -44.89450232573475,
        "go"
    ],
    "68": [
        117.00298458760832,
        -44.81755459925318,
        "go"
    ],
    "69": [
        117.06685200801432,
        -44.74060687277161,
        "go"
    ],
    "70": [
        117.13071942842033,
        -44.66365914629004,
        "go"
    ],
    "71": [
        117.19458684882633,
        -44.586711419808466,
        "go"
    ],
    "72": [
        117.25845426923235,
        -44.509763693326896,
        "go"
    ],
    "73": [
        117.32232168963834,
        -44.432815966845325,
        "go"
    ],
    "74": [
        117.38618911004436,
        -44.355868240363755,
        "go"
    ],
    "75": [
        117.45005653045035,
        -44.278920513882184,
        "go"
    ],
    "76": [
        117.51392395085637,
        -44.201972787400614,
        "go"
    ],
    "77": [
        117.57779137126236,
        -44.12502506091904,
        "go"
    ],
    "78": [
        117.64165879166838,
        -44.048077334437465,
        "go"
    ],
    "79": [
        117.70552621207437,
        -43.9711296079559,
        "go"
    ],
    "80": [
        117.76939363248039,
        -43.894181881474324,
        "go"
    ],
    "81": [
        117.83326105288639,
        -43.81723415499276,
        "go"
    ],
    "82": [
        117.89712847329238,
        -43.74028642851118,
        "go"
    ],
    "83": [
        117.9609958936984,
        -43.66333870202961,
        "go"
    ],
    "84": [
        118.0248633141044,
        -43.58639097554804,
        "go"
    ],
    "85": [
        118.0887307345104,
        -43.50944324906647,
        "go"
    ],
    "86": [
        118.1525981549164,
        -43.4324955225849,
        "go"
    ],
    "87": [
        118.21646557532242,
        -43.35554779610333,
        "go"
    ],
    "88": [
        118.28033299572841,
        -43.27860006962176,
        "go"
    ],
    "89": [
        118.34420041613443,
        -43.20165234314019,
        "go"
    ],
    "90": [
        118.40806783654043,
        -43.12470461665862,
        "go"
    ],